{
  "robot_root_name": "LINK_BASE",
  "human_root_name": "Hips",
  "ground_height": 0.0,
  "human_height_assumption": 1.8,
  "use_ik_match_table1": true,
  "use_ik_match_table2": true,
  "human_scale_table": {
    "Hips": 0.9,
    "Spine2": 0.9,
    "Head": 0.9,
    "LeftUpLeg": 0.9,
    "RightUpLeg": 0.9,
    "LeftLeg": 0.9,
    "RightLeg": 0.9,
    "LeftFootMod": 0.9,
    "RightFootMod": 0.9,
    "LeftArm": 0.75,
    "RightArm": 0.75,
    "LeftForeArm": 0.75,
    "RightForeArm": 0.75,
    "LeftHand": 0.75,
    "RightHand": 0.75
  },
  "ik_match_table1": {
    "LINK_BASE": [
      "Hips",
      0,
      10,
      [
        0.0,
        0.0,
        0.0
      ],
      [
        0.0,
        -0.70710678,
        0.0,
        -0.70710678
      ]
    ],
    "LINK_HIP_YAW_L": [
      "LeftUpLeg",
      0,
      10,
      [
        0.014,
        0.12,
        -0.188
      ],
      [
        0.0,
        -0.70710678,
        0.0,
        0.70710678
      ]
    ],
    "LINK_KNEE_PITCH_L": [
      "LeftLeg",
      0,
      10,
      [
        -0.024,
        0.12,
        -0.126
      ],
      [
        0.0,
        -0.70710678,
        0.0,
        0.70710678
      ]
    ],
    "LINK_ANKLE_ROLL_L": [
      "LeftFootMod",
      50,
      10,
      [
        -0.025,
        0.12,
        -0.118
      ],
      [
        0.5,
        -0.5,
        0.5,
        0.5
      ]
    ],
    "LINK_HIP_YAW_R": [
      "RightUpLeg",
      0,
      10,
      [
        0.014,
        -0.12,
        -0.188
      ],
      [
        0.0,
        0.70710678,
        0.0,
        -0.70710678
      ]
    ],
    "LINK_KNEE_PITCH_R": [
      "RightLeg",
      0,
      10,
      [
        -0.024,
        -0.12,
        -0.126
      ],
      [
        0.0,
        0.70710678,
        0.0,
        -0.70710678
      ]
    ],
    "LINK_ANKLE_ROLL_R": [
      "RightFootMod",
      50,
      10,
      [
        -0.025,
        -0.12,
        -0.118
      ],
      [
        -0.5,
        0.5,
        -0.5,
        -0.5
      ]
    ],
    "LINK_TORSO_YAW": [
      "Spine2",
      0,
      100,
      [
        0.0,
        -0.023,
        -0.181
      ],
      [
        0.0,
        -0.70710678,
        0.0,
        -0.70710678
      ]
    ],
    "LINK_SHOULDER_YAW_L": [
      "LeftArm",
      0,
      100,
      [
        -0.145,
        -0.056,
        -0.308
      ],
      [
        0.70710678,
        0.70710678,
        0.0,
        0.0
      ]
    ],
    "LINK_ELBOW_PITCH_L": [
      "LeftForeArm",
      0,
      10,
      [
        -0.247,
        0.136,
        -0.459
      ],
      [
        0.70710678,
        0.70710678,
        0.0,
        0.0
      ]
    ],
    "LINK_WRIST_END_L": [
      "LeftHand",
      0,
      10,
      [
        -0.241,
        0.246,
        -0.723
      ],
      [
        0.70710678,
        0.70710678,
        0.0,
        0.0
      ]
    ],
    "LINK_SHOULDER_YAW_R": [
      "RightArm",
      0,
      100,
      [
        0.145,
        0.056,
        -0.308
      ],
      [
        0.0,
        0.0,
        0.70710678,
        0.70710678
      ]
    ],
    "LINK_ELBOW_PITCH_R": [
      "RightForeArm",
      0,
      10,
      [
        0.247,
        -0.136,
        -0.459
      ],
      [
        0.0,
        0.0,
        0.70710678,
        0.70710678
      ]
    ],
    "LINK_WRIST_END_R": [
      "RightHand",
      0,
      10,
      [
        0.241,
        -0.246,
        -0.723
      ],
      [
        0.0,
        0.0,
        0.70710678,
        0.70710678
      ]
    ],
    "LINK_HEAD_YAW": [
      "Head",
      0,
      5,
      [
        0.0,
        -0.023,
        -0.091
      ],
      [
        0.0,
        -0.70710678,
        0.0,
        -0.70710678
      ]
    ]
  },
  "ik_match_table2": {
    "LINK_BASE": [
      "Hips",
      100,
      5,
      [
        0.0,
        0.0,
        0.0
      ],
      [
        0.0,
        -0.70710678,
        0.0,
        -0.70710678
      ]
    ],
    "LINK_HIP_YAW_L": [
      "LeftUpLeg",
      10,
      5,
      [
        0.014,
        0.12,
        -0.188
      ],
      [
        0.0,
        -0.70710678,
        0.0,
        0.70710678
      ]
    ],
    "LINK_KNEE_PITCH_L": [
      "LeftLeg",
      10,
      5,
      [
        -0.024,
        0.12,
        -0.126
      ],
      [
        0.0,
        -0.70710678,
        0.0,
        0.70710678
      ]
    ],
    "LINK_ANKLE_ROLL_L": [
      "LeftFootMod",
      50,
      10,
      [
        -0.025,
        0.12,
        -0.118
      ],
      [
        0.5,
        -0.5,
        0.5,
        0.5
      ]
    ],
    "LINK_HIP_YAW_R": [
      "RightUpLeg",
      10,
      5,
      [
        0.014,
        -0.12,
        -0.188
      ],
      [
        0.0,
        0.70710678,
        0.0,
        -0.70710678
      ]
    ],
    "LINK_KNEE_PITCH_R": [
      "RightLeg",
      10,
      5,
      [
        -0.024,
        -0.12,
        -0.126
      ],
      [
        0.0,
        0.70710678,
        0.0,
        -0.70710678
      ]
    ],
    "LINK_ANKLE_ROLL_R": [
      "RightFootMod",
      50,
      10,
      [
        -0.025,
        -0.12,
        -0.118
      ],
      [
        -0.5,
        0.5,
        -0.5,
        -0.5
      ]
    ],
    "LINK_TORSO_YAW": [
      "Spine2",
      0,
      10,
      [
        0.0,
        -0.023,
        -0.181
      ],
      [
        0.0,
        -0.70710678,
        0.0,
        -0.70710678
      ]
    ],
    "LINK_SHOULDER_YAW_L": [
      "LeftArm",
      5,
      100,
      [
        -0.145,
        -0.056,
        -0.308
      ],
      [
        0.70710678,
        0.70710678,
        0.0,
        0.0
      ]
    ],
    "LINK_ELBOW_PITCH_L": [
      "LeftForeArm",
      10,
      5,
      [
        -0.247,
        0.136,
        -0.459
      ],
      [
        0.70710678,
        0.70710678,
        0.0,
        0.0
      ]
    ],
    "LINK_WRIST_END_L": [
      "LeftHand",
      10,
      5,
      [
        -0.241,
        0.246,
        -0.723
      ],
      [
        0.70710678,
        0.70710678,
        0.0,
        0.0
      ]
    ],
    "LINK_SHOULDER_YAW_R": [
      "RightArm",
      5,
      100,
      [
        0.145,
        0.056,
        -0.308
      ],
      [
        0.0,
        0.0,
        0.70710678,
        0.70710678
      ]
    ],
    "LINK_ELBOW_PITCH_R": [
      "RightForeArm",
      10,
      5,
      [
        0.247,
        -0.136,
        -0.459
      ],
      [
        0.0,
        0.0,
        0.70710678,
        0.70710678
      ]
    ],
    "LINK_WRIST_END_R": [
      "RightHand",
      10,
      5,
      [
        0.241,
        -0.246,
        -0.723
      ],
      [
        0.0,
        0.0,
        0.70710678,
        0.70710678
      ]
    ],
    "LINK_HEAD_YAW": [
      "Head",
      0,
      10,
      [
        0.0,
        -0.023,
        -0.091
      ],
      [
        0.0,
        -0.70710678,
        0.0,
        -0.70710678
      ]
    ]
  }
}
