{
  "robot_root_name": "LINK_BASE",
  "human_root_name": "Hips",
  "ground_height": 0.0,
  "human_height_assumption": 1.8,
  "use_ik_match_table1": true,
  "use_ik_match_table2": true,
  "human_scale_table": {
    "Hips": 0.9,
    "Spine2": 0.75,
    "Head": 0.85,
    "LeftUpLeg": 0.82,
    "RightUpLeg": 0.82,
    "LeftLeg": 0.85,
    "RightLeg": 0.85,
    "LeftFootMod": 1.0,
    "RightFootMod": 1.0,
    "LeftArm": 0.9,
    "RightArm": 0.9,
    "LeftForeArm": 0.95,
    "RightForeArm": 0.95,
    "LeftHand": 0.88,
    "RightHand": 0.88
  },
  "ik_match_table1": {
    "LINK_BASE": [
      "Hips",
      0,
      10,
      [
        0.0,
        0.0,
        0.08
      ],
      [
        1.0,
        0.0,
        0.0,
        0.0
      ]
    ],
    "LINK_HIP_YAW_L": [
      "LeftUpLeg",
      0,
      0,
      [
        0.0716,
        0.0269,
        -0.0892
      ],
      [
        0.7071068,
        0.0,
        0.0,
        0.7071068
      ]
    ],
    "LINK_KNEE_PITCH_L": [
      "LeftLeg",
      0,
      0,
      [
        0.138,
        0.0097,
        -0.0177
      ],
      [
        0.7071068,
        0.0,
        0.0,
        0.7071068
      ]
    ],
    "LINK_ANKLE_ROLL_L": [
      "LeftFootMod",
      50,
      5,
      [
        0.0,
        0.0,
        -0.01
      ],
      [
        0.7071068,
        0.0,
        0.0,
        0.7071068
      ]
    ],
    "LINK_HIP_YAW_R": [
      "RightUpLeg",
      0,
      0,
      [
        0.0716,
        -0.0269,
        -0.0892
      ],
      [
        0.7071068,
        0.0,
        0.0,
        0.7071068
      ]
    ],
    "LINK_KNEE_PITCH_R": [
      "RightLeg",
      0,
      0,
      [
        0.138,
        -0.0097,
        -0.0177
      ],
      [
        0.7071068,
        0.0,
        0.0,
        0.7071068
      ]
    ],
    "LINK_ANKLE_ROLL_R": [
      "RightFootMod",
      50,
      5,
      [
        0.0,
        0.0,
        -0.01
      ],
      [
        0.7071068,
        0.0,
        0.0,
        0.7071068
      ]
    ],
    "LINK_TORSO_YAW": [
      "Spine2",
      0,
      4,
      [
        0.0,
        0.0,
        -0.05
      ],
      [
        0.7071068,
        0.0,
        0.0,
        0.7071068
      ]
    ],
    "LINK_SHOULDER_YAW_L": [
      "LeftArm",
      0,
      4,
      [
        0.0056,
        0.0211,
        -0.02
      ],
      [
        0.5,
        0.5,
        0.5,
        0.5
      ]
    ],
    "LINK_ELBOW_PITCH_L": [
      "LeftForeArm",
      0,
      2,
      [
        0.011,
        0.0169,
        -0.0423
      ],
      [
        0.5,
        0.5,
        0.5,
        0.5
      ]
    ],
    "LINK_WRIST_END_L": [
      "LeftHand",
      0,
      2,
      [
        -0.0311,
        0.0197,
        -0.1048
      ],
      [
        0.5,
        0.5,
        0.5,
        0.5
      ]
    ],
    "LINK_SHOULDER_YAW_R": [
      "RightArm",
      0,
      4,
      [
        0.0056,
        -0.0211,
        -0.02
      ],
      [
        0.5,
        -0.5,
        -0.5,
        0.5
      ]
    ],
    "LINK_ELBOW_PITCH_R": [
      "RightForeArm",
      0,
      2,
      [
        0.011,
        -0.0169,
        -0.0423
      ],
      [
        0.5,
        -0.5,
        -0.5,
        0.5
      ]
    ],
    "LINK_WRIST_END_R": [
      "RightHand",
      0,
      2,
      [
        -0.0311,
        -0.0197,
        -0.1048
      ],
      [
        0.5,
        -0.5,
        -0.5,
        0.5
      ]
    ],
    "LINK_HEAD_YAW": [
      "Head",
      0,
      2,
      [
        0.0,
        0.0,
        0.05
      ],
      [
        0.7071068,
        0.0,
        0.0,
        0.7071068
      ]
    ]
  },
  "ik_match_table2": {
    "LINK_BASE": [
      "Hips",
      100,
      5,
      [
        0.0,
        0.0,
        0.08
      ],
      [
        1.0,
        0.0,
        0.0,
        0.0
      ]
    ],
    "LINK_HIP_YAW_L": [
      "LeftUpLeg",
      10,
      0,
      [
        0.0716,
        0.0269,
        -0.0892
      ],
      [
        0.7071068,
        0.0,
        0.0,
        0.7071068
      ]
    ],
    "LINK_KNEE_PITCH_L": [
      "LeftLeg",
      10,
      0,
      [
        0.138,
        0.0097,
        -0.0177
      ],
      [
        0.7071068,
        0.0,
        0.0,
        0.7071068
      ]
    ],
    "LINK_ANKLE_ROLL_L": [
      "LeftFootMod",
      50,
      5,
      [
        0.0,
        0.0,
        -0.01
      ],
      [
        0.7071068,
        0.0,
        0.0,
        0.7071068
      ]
    ],
    "LINK_HIP_YAW_R": [
      "RightUpLeg",
      10,
      0,
      [
        0.0716,
        -0.0269,
        -0.0892
      ],
      [
        0.7071068,
        0.0,
        0.0,
        0.7071068
      ]
    ],
    "LINK_KNEE_PITCH_R": [
      "RightLeg",
      10,
      0,
      [
        0.138,
        -0.0097,
        -0.0177
      ],
      [
        0.7071068,
        0.0,
        0.0,
        0.7071068
      ]
    ],
    "LINK_ANKLE_ROLL_R": [
      "RightFootMod",
      50,
      5,
      [
        0.0,
        0.0,
        -0.01
      ],
      [
        0.7071068,
        0.0,
        0.0,
        0.7071068
      ]
    ],
    "LINK_TORSO_YAW": [
      "Spine2",
      2,
      4,
      [
        0.0,
        0.0,
        -0.05
      ],
      [
        0.7071068,
        0.0,
        0.0,
        0.7071068
      ]
    ],
    "LINK_SHOULDER_YAW_L": [
      "LeftArm",
      8,
      2,
      [
        0.0056,
        0.0211,
        -0.02
      ],
      [
        0.5,
        0.5,
        0.5,
        0.5
      ]
    ],
    "LINK_ELBOW_PITCH_L": [
      "LeftForeArm",
      12,
      2,
      [
        0.011,
        0.0169,
        -0.0423
      ],
      [
        0.5,
        0.5,
        0.5,
        0.5
      ]
    ],
    "LINK_WRIST_END_L": [
      "LeftHand",
      12,
      2,
      [
        -0.0311,
        0.0197,
        -0.1048
      ],
      [
        0.5,
        0.5,
        0.5,
        0.5
      ]
    ],
    "LINK_SHOULDER_YAW_R": [
      "RightArm",
      8,
      2,
      [
        0.0056,
        -0.0211,
        -0.02
      ],
      [
        0.5,
        -0.5,
        -0.5,
        0.5
      ]
    ],
    "LINK_ELBOW_PITCH_R": [
      "RightForeArm",
      12,
      2,
      [
        0.011,
        -0.0169,
        -0.0423
      ],
      [
        0.5,
        -0.5,
        -0.5,
        0.5
      ]
    ],
    "LINK_WRIST_END_R": [
      "RightHand",
      12,
      2,
      [
        -0.0311,
        -0.0197,
        -0.1048
      ],
      [
        0.5,
        -0.5,
        -0.5,
        0.5
      ]
    ],
    "LINK_HEAD_YAW": [
      "Head",
      3,
      2,
      [
        0.0,
        0.0,
        0.05
      ],
      [
        0.7071068,
        0.0,
        0.0,
        0.7071068
      ]
    ]
  }
}
