{
  "robot_root_name": "LINK_BASE",
  "human_root_name": "Hips",
  "ground_height": 0.0,
  "human_height_assumption": 1.8,
  "use_ik_match_table1": true,
  "use_ik_match_table2": true,
  "human_scale_table": {
    "Hips": 0.9,
    "Spine1": 0.9,
    "Head": 0.9,
    "LeftFoot": 0.82,
    "RightFoot": 0.82,
    "LeftArm": 0.8,
    "RightArm": 0.8,
    "LeftForeArm": 0.8,
    "RightForeArm": 0.8,
    "LeftHand": 0.8,
    "RightHand": 0.8
  },
  "ik_match_table1": {
    "LINK_BASE": [
      "Hips",
      2,
      0,
      [
        0.0,
        0.0,
        0.0
      ],
      [
        0.70710678,
        0.0,
        0.0,
        -0.70710678
      ]
    ],
    "LINK_TORSO_YAW": [
      "Spine1",
      2,
      0,
      [
        0.0,
        0.0,
        0.0
      ],
      [
        0.70710678,
        0.0,
        0.0,
        -0.70710678
      ]
    ],
    "LINK_HEAD_YAW": [
      "Head",
      1,
      0,
      [
        0.0,
        0.0,
        0.0
      ],
      [
        0.70710678,
        0.0,
        0.0,
        -0.70710678
      ]
    ],
    "LINK_FOOT_L": [
      "LeftFoot",
      45,
      0,
      [
        0.0,
        0.0,
        0.0
      ],
      [
        0.70710678,
        0.0,
        0.0,
        -0.70710678
      ]
    ],
    "LINK_FOOT_R": [
      "RightFoot",
      45,
      0,
      [
        0.0,
        0.0,
        0.0
      ],
      [
        0.70710678,
        0.0,
        0.0,
        -0.70710678
      ]
    ],
    "LINK_SHOULDER_YAW_L": [
      "LeftArm",
      1,
      0,
      [
        0.0,
        0.0,
        0.0
      ],
      [
        0.5,
        0.5,
        -0.5,
        -0.5
      ]
    ],
    "LINK_ELBOW_PITCH_L": [
      "LeftForeArm",
      3,
      0,
      [
        0.0,
        0.0,
        0.0
      ],
      [
        0.70710678,
        0.70710678,
        0.0,
        0.0
      ]
    ],
    "LINK_WRIST_END_L": [
      "LeftHand",
      35,
      0,
      [
        0.0,
        0.0,
        0.0
      ],
      [
        0.70710678,
        0.70710678,
        0.0,
        0.0
      ]
    ],
    "LINK_SHOULDER_YAW_R": [
      "RightArm",
      1,
      0,
      [
        0.0,
        0.0,
        0.0
      ],
      [
        0.5,
        -0.5,
        0.5,
        -0.5
      ]
    ],
    "LINK_ELBOW_PITCH_R": [
      "RightForeArm",
      3,
      0,
      [
        0.0,
        0.0,
        0.0
      ],
      [
        0.0,
        0.0,
        -0.70710678,
        0.70710678
      ]
    ],
    "LINK_WRIST_END_R": [
      "RightHand",
      35,
      0,
      [
        0.0,
        0.0,
        0.0
      ],
      [
        0.0,
        0.0,
        -0.70710678,
        0.70710678
      ]
    ]
  },
  "ik_match_table2": {
    "LINK_BASE": [
      "Hips",
      5,
      0,
      [
        0.0,
        0.0,
        0.0
      ],
      [
        0.70710678,
        0.0,
        0.0,
        -0.70710678
      ]
    ],
    "LINK_TORSO_YAW": [
      "Spine1",
      2,
      0,
      [
        0.0,
        0.0,
        0.0
      ],
      [
        0.70710678,
        0.0,
        0.0,
        -0.70710678
      ]
    ],
    "LINK_HEAD_YAW": [
      "Head",
      1,
      0,
      [
        0.0,
        0.0,
        0.0
      ],
      [
        0.70710678,
        0.0,
        0.0,
        -0.70710678
      ]
    ],
    "LINK_FOOT_L": [
      "LeftFoot",
      70,
      0,
      [
        0.0,
        0.0,
        0.0
      ],
      [
        0.70710678,
        0.0,
        0.0,
        -0.70710678
      ]
    ],
    "LINK_FOOT_R": [
      "RightFoot",
      70,
      0,
      [
        0.0,
        0.0,
        0.0
      ],
      [
        0.70710678,
        0.0,
        0.0,
        -0.70710678
      ]
    ],
    "LINK_SHOULDER_YAW_L": [
      "LeftArm",
      1,
      0,
      [
        0.0,
        0.0,
        0.0
      ],
      [
        0.5,
        0.5,
        -0.5,
        -0.5
      ]
    ],
    "LINK_ELBOW_PITCH_L": [
      "LeftForeArm",
      3,
      0,
      [
        0.0,
        0.0,
        0.0
      ],
      [
        0.70710678,
        0.70710678,
        0.0,
        0.0
      ]
    ],
    "LINK_WRIST_END_L": [
      "LeftHand",
      45,
      0,
      [
        0.0,
        0.0,
        0.0
      ],
      [
        0.70710678,
        0.70710678,
        0.0,
        0.0
      ]
    ],
    "LINK_SHOULDER_YAW_R": [
      "RightArm",
      1,
      0,
      [
        0.0,
        0.0,
        0.0
      ],
      [
        0.5,
        -0.5,
        0.5,
        -0.5
      ]
    ],
    "LINK_ELBOW_PITCH_R": [
      "RightForeArm",
      3,
      0,
      [
        0.0,
        0.0,
        0.0
      ],
      [
        0.0,
        0.0,
        -0.70710678,
        0.70710678
      ]
    ],
    "LINK_WRIST_END_R": [
      "RightHand",
      45,
      0,
      [
        0.0,
        0.0,
        0.0
      ],
      [
        0.0,
        0.0,
        -0.70710678,
        0.70710678
      ]
    ]
  }
}