{
  "robot_root_name": "LINK_BASE",
  "human_root_name": "Hips",
  "ground_height": 0.0,
  "human_height_assumption": 1.8,
  "use_ik_match_table1": true,
  "use_ik_match_table2": true,
  "human_scale_table": {
    "Hips": 0.9196471350533622,
    "Spine1": 0.9196471350533622,
    "Head": 0.9196471350533622,
    "LeftUpLeg": 0.10285714438983372,
    "RightUpLeg": 0.10285714438983372,
    "LeftLeg": 0.8305269854409354,
    "RightLeg": 0.8305269854409354,
    "LeftToeBase": 1.0008155005318777,
    "RightToeBase": 1.0008155005318777,
    "LeftArm": 0.8619086469922747,
    "RightArm": 0.8619086469922747,
    "LeftForeArm": 0.5053548778806414,
    "RightForeArm": 0.5053548778806414,
    "LeftHand": 0.3288089684077672,
    "RightHand": 0.3288089684077672
  },
  "ik_match_table1": {
    "LINK_BASE": [
      "Hips",
      0,
      10,
      [
        0.0,
        0.0,
        0.0
      ],
      [
        0.044333,
        -0.656752,
        -0.140209,
        -0.73963
      ]
    ],
    "LINK_HIP_YAW_L": [
      "LeftUpLeg",
      0,
      10,
      [
        0.0035750908191161616,
        0.121357836332196,
        -0.18813542745616196
      ],
      [
        0.0,
        -0.7071067811865475,
        5.551115123125784e-17,
        0.7071067811865476
      ]
    ],
    "LINK_KNEE_PITCH_L": [
      "LeftLeg",
      0,
      10,
      [
        -0.10875797069825104,
        0.13450091242602233,
        -0.12554365766460418
      ],
      [
        0.0,
        -0.7071067811865475,
        5.551115123125784e-17,
        0.7071067811865476
      ]
    ],
    "LINK_ANKLE_ROLL_L": [
      "LeftToeBase",
      50,
      10,
      [
        -0.1278313845542167,
        0.13757683568681967,
        -0.11800727344991324
      ],
      [
        0.5000000000000001,
        -0.49999999999999994,
        0.49999999999999994,
        0.5000000000000001
      ]
    ],
    "LINK_HIP_YAW_R": [
      "RightUpLeg",
      0,
      10,
      [
        0.024672108133486213,
        -0.1176421732768283,
        -0.18813542745616196
      ],
      [
        1.6653345369377356e-16,
        0.7071067811865475,
        -1.110223024625157e-16,
        -0.7071067811865477
      ]
    ],
    "LINK_KNEE_PITCH_R": [
      "RightLeg",
      0,
      10,
      [
        0.06159127740384576,
        -0.10449909633213762,
        -0.1255433185327519
      ],
      [
        1.6653345369377356e-16,
        0.7071067811865475,
        -1.110223024625157e-16,
        -0.7071067811865477
      ]
    ],
    "LINK_ANKLE_ROLL_R": [
      "RightToeBase",
      50,
      10,
      [
        0.07744580908873558,
        -0.1014233612553693,
        -0.11800619340318574
      ],
      [
        -0.4999999999999999,
        0.4999999999999999,
        -0.5,
        -0.5000000000000002
      ]
    ],
    "LINK_TORSO_YAW": [
      "Spine1",
      0,
      100,
      [
        -6.352972415171222e-17,
        -0.02328007530550956,
        -0.180781626879003
      ],
      [
        -0.041763,
        -0.688456,
        -0.007593,
        -0.724035
      ]
    ],
    "LINK_SHOULDER_YAW_L": [
      "LeftArm",
      0,
      100,
      [
        -0.15580152978793751,
        -0.056416587789991514,
        -0.27405157016397375
      ],
      [
        0.7071067657322373,
        0.7071067966408574,
        1.2132347921604771e-24,
        5.5511151231257815e-17
      ]
    ],
    "LINK_ELBOW_PITCH_L": [
      "LeftForeArm",
      0,
      10,
      [
        -0.282521,
        0.127829,
        -0.299784
      ],
      [
        0.720416,
        0.690523,
        0.058511,
        -0.027476
      ]
    ],
    "LINK_WRIST_END_L": [
      "LeftHand",
      0,
      10,
      [
        -0.249743,
        0.220082,
        -0.589086
      ],
      [
        0.826913,
        0.560691,
        0.033945,
        -0.026241
      ]
    ],
    "LINK_SHOULDER_YAW_R": [
      "RightArm",
      0,
      100,
      [
        0.1338706005503427,
        0.05641837565105383,
        -0.3424983945703091
      ],
      [
        1.6653345612024304e-16,
        1.1102229882281125e-16,
        0.7071067657322371,
        0.7071067966408576
      ]
    ],
    "LINK_ELBOW_PITCH_R": [
      "RightForeArm",
      0,
      10,
      [
        0.11324,
        -0.131653,
        -0.459666
      ],
      [
        0.044294,
        -0.006591,
        0.706032,
        0.706763
      ]
    ],
    "LINK_WRIST_END_R": [
      "RightHand",
      0,
      10,
      [
        0.166966,
        -0.240208,
        -0.681298
      ],
      [
        0.025669,
        0.000322,
        0.626448,
        0.77904
      ]
    ],
    "LINK_HEAD_YAW": [
      "Head",
      0,
      5,
      [
        -0.011300009303112134,
        -0.02327994119030237,
        -0.09072037233800412
      ],
      [
        5.551115123125784e-17,
        -0.7071067811865476,
        5.551115123125784e-17,
        -0.7071067811865476
      ]
    ]
  },
  "ik_match_table2": {
    "LINK_BASE": [
      "Hips",
      100,
      5,
      [
        0.0,
        0.0,
        0.0
      ],
      [
        0.044333,
        -0.656752,
        -0.140209,
        -0.73963
      ]
    ],
    "LINK_HIP_YAW_L": [
      "LeftUpLeg",
      10,
      5,
      [
        0.0035750908191161616,
        0.121357836332196,
        -0.18813542745616196
      ],
      [
        0.0,
        -0.7071067811865475,
        5.551115123125784e-17,
        0.7071067811865476
      ]
    ],
    "LINK_KNEE_PITCH_L": [
      "LeftLeg",
      10,
      5,
      [
        -0.10875797069825104,
        0.13450091242602233,
        -0.12554365766460418
      ],
      [
        0.0,
        -0.7071067811865475,
        5.551115123125784e-17,
        0.7071067811865476
      ]
    ],
    "LINK_ANKLE_ROLL_L": [
      "LeftToeBase",
      50,
      10,
      [
        -0.1278313845542167,
        0.13757683568681967,
        -0.11800727344991324
      ],
      [
        0.5000000000000001,
        -0.49999999999999994,
        0.49999999999999994,
        0.5000000000000001
      ]
    ],
    "LINK_HIP_YAW_R": [
      "RightUpLeg",
      10,
      5,
      [
        0.024672108133486213,
        -0.1176421732768283,
        -0.18813542745616196
      ],
      [
        1.6653345369377356e-16,
        0.7071067811865475,
        -1.110223024625157e-16,
        -0.7071067811865477
      ]
    ],
    "LINK_KNEE_PITCH_R": [
      "RightLeg",
      10,
      5,
      [
        0.06159127740384576,
        -0.10449909633213762,
        -0.1255433185327519
      ],
      [
        1.6653345369377356e-16,
        0.7071067811865475,
        -1.110223024625157e-16,
        -0.7071067811865477
      ]
    ],
    "LINK_ANKLE_ROLL_R": [
      "RightToeBase",
      50,
      10,
      [
        0.07744580908873558,
        -0.1014233612553693,
        -0.11800619340318574
      ],
      [
        -0.4999999999999999,
        0.4999999999999999,
        -0.5,
        -0.5000000000000002
      ]
    ],
    "LINK_TORSO_YAW": [
      "Spine1",
      0,
      10,
      [
        -6.352972415171222e-17,
        -0.02328007530550956,
        -0.180781626879003
      ],
      [
        -0.041763,
        -0.688456,
        -0.007593,
        -0.724035
      ]
    ],
    "LINK_SHOULDER_YAW_L": [
      "LeftArm",
      5,
      100,
      [
        -0.15580152978793751,
        -0.056416587789991514,
        -0.27405157016397375
      ],
      [
        0.7071067657322373,
        0.7071067966408574,
        1.2132347921604771e-24,
        5.5511151231257815e-17
      ]
    ],
    "LINK_ELBOW_PITCH_L": [
      "LeftForeArm",
      10,
      5,
      [
        -0.282521,
        0.127829,
        -0.299784
      ],
      [
        0.720416,
        0.690523,
        0.058511,
        -0.027476
      ]
    ],
    "LINK_WRIST_END_L": [
      "LeftHand",
      10,
      5,
      [
        -0.249743,
        0.220082,
        -0.589086
      ],
      [
        0.826913,
        0.560691,
        0.033945,
        -0.026241
      ]
    ],