{
  "robot_root_name": "LINK_BASE",
  "human_root_name": "Hips",
  "ground_height": 0.0,
  "human_height_assumption": 1.8,
  "use_ik_match_table1": true,
  "use_ik_match_table2": true,
  "human_scale_table": {
    "Hips": 0.9,
    "Spine1": 0.9,
    "Head": 0.9,
    "LeftUpLeg": 0.9,
    "RightUpLeg": 0.9,
    "LeftLeg": 0.9,
    "RightLeg": 0.9,
    "LeftToeBase": 0.9,
    "RightToeBase": 0.9,
    "LeftArm": 0.8,
    "RightArm": 0.8,
    "LeftForeArm": 0.8,
    "RightForeArm": 0.8,
    "LeftHand": 0.8,
    "RightHand": 0.8
  },
  "ik_match_table1": {
    "LINK_BASE": [
      "Hips",
      10,
      0,
      [
        0.0,
        0.0,
        0.0
      ],
      [
        0.70710678,
        0.0,
        0.0,
        -0.70710678
      ]
    ],
    "LINK_TORSO_YAW": [
      "Spine1",
      5,
      0,
      [
        0.0,
        0.0,
        0.0
      ],
      [
        0.70710678,
        0.0,
        0.0,
        -0.70710678
      ]
    ],
    "LINK_HEAD_YAW": [
      "Head",
      2,
      0,
      [
        0.0,
        0.0,
        0.0
      ],
      [
        0.70710678,
        0.0,
        0.0,
        -0.70710678
      ]
    ],
    "LINK_HIP_YAW_L": [
      "LeftUpLeg",
      2,
      0,
      [
        0.0,
        0.0,
        0.0
      ],
      [
        0.70710678,
        0.0,
        0.0,
        -0.70710678
      ]
    ],
    "LINK_KNEE_PITCH_L": [
      "LeftLeg",
      8,
      0,
      [
        0.0,
        0.0,
        0.0
      ],
      [
        0.70710678,
        0.0,
        0.0,
        -0.70710678
      ]
    ],
    "LINK_FOOT_L": [
      "LeftToeBase",
      80,
      0,
      [
        0.0,
        0.0,
        0.0
      ],
      [
        0.70710678,
        0.0,
        0.0,
        -0.70710678
      ]
    ],
    "LINK_HIP_YAW_R": [
      "RightUpLeg",
      2,
      0,
      [
        0.0,
        0.0,
        0.0
      ],
      [
        0.70710678,
        0.0,
        0.0,
        -0.70710678
      ]
    ],
    "LINK_KNEE_PITCH_R": [
      "RightLeg",
      8,
      0,
      [
        0.0,
        0.0,
        0.0
      ],
      [
        0.70710678,
        0.0,
        0.0,
        -0.70710678
      ]
    ],
    "LINK_FOOT_R": [
      "RightToeBase",
      80,
      0,
      [
        0.0,
        0.0,
        0.0
      ],
      [
        0.70710678,
        0.0,
        0.0,
        -0.70710678
      ]
    ],
    "LINK_SHOULDER_YAW_L": [
      "LeftArm",
      2,
      0,
      [
        0.0,
        0.0,
        0.0
      ],
      [
        0.5,
        0.5,
        -0.5,
        -0.5
      ]
    ],
    "LINK_ELBOW_PITCH_L": [
      "LeftForeArm",
      8,
      0,
      [
        0.0,
        0.0,
        0.0
      ],
      [
        0.70710678,
        0.70710678,
        0.0,
        0.0
      ]
    ],
    "LINK_WRIST_END_L": [
      "LeftHand",
      30,
      0,
      [
        0.0,
        0.0,
        0.0
      ],
      [
        0.70710678,
        0.70710678,
        0.0,
        0.0
      ]
    ],
    "LINK_SHOULDER_YAW_R": [
      "RightArm",
      2,
      0,
      [
        0.0,
        0.0,
        0.0
      ],
      [
        0.5,
        -0.5,
        0.5,
        -0.5
      ]
    ],
    "LINK_ELBOW_PITCH_R": [
      "RightForeArm",
      8,
      0,
      [
        0.0,
        0.0,
        0.0
      ],
      [
        0.0,
        0.0,
        -0.70710678,
        0.70710678
      ]
    ],
    "LINK_WRIST_END_R": [
      "RightHand",
      30,
      0,
      [
        0.0,
        0.0,
        0.0
      ],
      [
        0.0,
        0.0,
        -0.70710678,
        0.70710678
      ]
    ]
  },
  "ik_match_table2": {
    "LINK_BASE": [
      "Hips",
      10,
      0,
      [
        0.0,
        0.0,
        0.0
      ],
      [
        0.70710678,
        0.0,
        0.0,
        -0.70710678
      ]
    ],
    "LINK_TORSO_YAW": [
      "Spine1",
      5,
      0,
      [
        0.0,
        0.0,
        0.0
      ],
      [
        0.70710678,
        0.0,
        0.0,
        -0.70710678
      ]
    ],
    "LINK_HEAD_YAW": [
      "Head",
      2,
      0,
      [
        0.0,
        0.0,
        0.0
      ],
      [
        0.70710678,
        0.0,
        0.0,
        -0.70710678
      ]
    ],
    "LINK_HIP_YAW_L": [
      "LeftUpLeg",
      2,
      0,
      [
        0.0,
        0.0,
        0.0
      ],
      [
        0.70710678,
        0.0,
        0.0,
        -0.70710678
      ]
    ],
    "LINK_KNEE_PITCH_L": [
      "LeftLeg",
      8,
      0,
      [
        0.0,
        0.0,
        0.0
      ],
      [
        0.70710678,
        0.0,
        0.0,
        -0.70710678
      ]
    ],
    "LINK_FOOT_L": [
      "LeftToeBase",
      80,
      0,
      [
        0.0,
        0.0,
        0.0
      ],
      [
        0.70710678,
        0.0,
        0.0,
        -0.70710678
      ]
    ],
    "LINK_HIP_YAW_R": [
      "RightUpLeg",
      2,
      0,
      [
        0.0,
        0.0,
        0.0
      ],
      [
        0.70710678,
        0.0,
        0.0,
        -0.70710678
      ]
    ],
    "LINK_KNEE_PITCH_R": [
      "RightLeg",
      8,
      0,
      [
        0.0,
        0.0,
        0.0
      ],
      [
        0.70710678,
        0.0,
        0.0,
        -0.70710678
      ]
    ],
    "LINK_FOOT_R": [
      "RightToeBase",
      80,
      0,
      [
        0.0,
        0.0,
        0.0
      ],
      [
        0.70710678,
        0.0,
        0.0,
        -0.70710678
      ]
    ],
    "LINK_SHOULDER_YAW_L": [
      "LeftArm",
      2,
      0,
      [
        0.0,
        0.0,
        0.0
      ],
      [
        0.5,
        0.5,
        -0.5,
        -0.5
      ]
    ],
    "LINK_ELBOW_PITCH_L": [
      "LeftForeArm",
      8,
      0,
      [
        0.0,
        0.0,
        0.0
      ],
      [
        0.70710678,
        0.70710678,
        0.0,
        0.0
      ]
    ],
    "LINK_WRIST_END_L": [
      "LeftHand",
      30,
      0,
      [
        0.0,
        0.0,
        0.0
      ],
      [
        0.70710678,
        0.70710678,
        0.0,
        0.0
      ]
    ],
    "LINK_SHOULDER_YAW_R": [
      "RightArm",
      2,
      0,
      [
        0.0,
        0.0,
        0.0
      ],
      [
        0.5,
        -0.5,
        0.5,
        -0.5
      ]
    ],
    "LINK_ELBOW_PITCH_R": [
      "RightForeArm",
      8,
      0,
      [
        0.0,
        0.0,
        0.0
      ],
      [
        0.0,
        0.0,
        -0.70710678,
        0.70710678
      ]
    ],
    "LINK_WRIST_END_R": [
      "RightHand",
      30,
      0,
      [
        0.0,
        0.0,
        0.0
      ],
      [
        0.0,
        0.0,
        -0.70710678,
        0.70710678
      ]
    ]
  }
}